template_code,template_name,description,feature_type,data_type,input_type,validation_pattern,min_value,max_value,allowed_values,default_value,unit_code,required,filterable,hidden,multi_valued,searchable,comparable,visible,editable,metadata
COLOR,Color,Product color,SPECIFICATION,STRING,SELECT,,,,"Red,Blue,Green,Black,White",Black,,true,true,false,false,true,true,true,true,{"displayOrder": 1, "applicableCategories": ["ELECTRONICS-MOBILE", "ELECTRONICS-LAPTOP"]}
STORAGE,Storage Capacity,Storage capacity,SPECIFICATION,NUMERIC,SELECT,,16,1024,"16,32,64,128,256,512,1024",128,GB,true,true,false,false,true,true,true,true,{"displayOrder": 2, "applicableCategories": ["ELECTRONICS-MOBILE", "ELECTRONICS-LAPTOP"]}
PROCESSOR,Processor,CPU model,SPECIFICATION,STRING,TEXT,,,,,,PCS,true,false,false,false,true,false,true,true,{"displayOrder": 3, "applicableCategories": ["ELECTRONICS-MOBILE", "ELECTRONICS-LAPTOP"]}
DISPLAY_SIZE,Display Size,Screen size,SPECIFICATION,NUMERIC,TEXT,,3,100,,,IN,true,true,false,false,true,true,true,true,{"displayOrder": 4, "applicableCategories": ["ELECTRONICS-MOBILE", "ELECTRONICS-LAPTOP"]}
BATTERY,Battery Capacity,Battery capacity,SPECIFICATION,NUMERIC,TEXT,,1000,10000,,,mAh,true,true,false,false,true,true,true,true,{"displayOrder": 5, "applicableCategories": ["ELECTRONICS-MOBILE"]}
CAMERA,Camera,Camera specifications,SPECIFICATION,STRING,TEXT,,,,,,MP,true,false,false,false,true,false,true,true,{"displayOrder": 6, "applicableCategories": ["ELECTRONICS-MOBILE"]}
RAM,RAM,Memory capacity,SPECIFICATION,NUMERIC,SELECT,,1,64,"1,2,4,8,16,32,64",4,GB,true,true,false,false,true,true,true,true,{"displayOrder": 7, "applicableCategories": ["ELECTRONICS-MOBILE", "ELECTRONICS-LAPTOP"]}
WEIGHT,Weight,Product weight,SPECIFICATION,NUMERIC,TEXT,,0,10000,,,GM,false,true,false,false,true,true,true,true,{"displayOrder": 8, "applicableCategories": ["ELECTRONICS-MOBILE", "ELECTRONICS-LAPTOP"]}
DIMENSIONS,Dimensions,Product dimensions,SPECIFICATION,STRING,TEXT,,,,,,CM,false,false,false,false,true,false,true,true,{"displayOrder": 9, "applicableCategories": ["ELECTRONICS-MOBILE", "ELECTRONICS-LAPTOP"]}
OS,Operating System,Operating system,SPECIFICATION,STRING,SELECT,,,,"Android,iOS,Windows,macOS,Linux",Android,,true,true,false,false,true,true,true,true,{"displayOrder": 10, "applicableCategories": ["ELECTRONICS-MOBILE", "ELECTRONICS-LAPTOP"]}
CONNECTIVITY,Connectivity,Connectivity options,SPECIFICATION,STRING,MULTI_SELECT,,,,"WiFi,Bluetooth,4G,5G,NFC,USB-C,Lightning",WiFi,,false,true,false,true,true,false,true,true,{"displayOrder": 11, "applicableCategories": ["ELECTRONICS-MOBILE", "ELECTRONICS-LAPTOP"]}
MATERIAL,Material,Product material,SPECIFICATION,STRING,SELECT,,,,"Metal,Plastic,Glass,Leather,Fabric",Plastic,,false,true,false,false,true,false,true,true,{"displayOrder": 12, "applicableCategories": ["ELECTRONICS-MOBILE", "ELECTRONICS-LAPTOP"]}
WARRANTY,Warranty,Warranty period,SPECIFICATION,NUMERIC,SELECT,,1,60,"1,3,6,12,24,36,60",12,MONTH,true,true,false,false,true,true,true,true,{"displayOrder": 13, "applicableCategories": ["ELECTRONICS-MOBILE", "ELECTRONICS-LAPTOP"]}
RESOLUTION,Resolution,Screen resolution,SPECIFICATION,STRING,TEXT,,,,,,PX,false,true,false,false,true,true,true,true,{"displayOrder": 14, "applicableCategories": ["ELECTRONICS-MOBILE", "ELECTRONICS-LAPTOP"]}
GRAPHICS,Graphics Card,Graphics card model,SPECIFICATION,STRING,TEXT,,,,,,PCS,false,false,false,false,true,false,true,true,{"displayOrder": 15, "applicableCategories": ["ELECTRONICS-LAPTOP"]}
FABRIC,Fabric,Fabric type,SPECIFICATION,STRING,SELECT,,,,"Cotton,Polyester,Silk,Wool,Linen,Denim",Cotton,,true,true,false,false,true,true,true,true,{"displayOrder": 1, "applicableCategories": ["APPAREL"]}
SIZE,Size,Product size,SPECIFICATION,STRING,SELECT,,,,"XS,S,M,L,XL,XXL",M,,true,true,false,false,true,true,true,true,{"displayOrder": 2, "applicableCategories": ["APPAREL"]}
PATTERN,Pattern,Fabric pattern,SPECIFICATION,STRING,SELECT,,,,"Solid,Striped,Checked,Printed,Floral",Solid,,false,true,false,false,true,true,true,true,{"displayOrder": 3, "applicableCategories": ["APPAREL"]}
FIT,Fit,Clothing fit,SPECIFICATION,STRING,SELECT,,,,"Regular,Slim,Relaxed,Skinny,Loose",Regular,,false,true,false,false,true,true,true,true,{"displayOrder": 4, "applicableCategories": ["APPAREL"]}
SLEEVE,Sleeve,Sleeve type,SPECIFICATION,STRING,SELECT,,,,"Full,Half,Short,Sleeveless,3/4",Full,,false,true,false,false,true,true,true,true,{"displayOrder": 5, "applicableCategories": ["APPAREL"]}
NECK,Neck,Neck type,SPECIFICATION,STRING,SELECT,,,,"Round,V-Neck,Collar,Turtle,Crew",Round,,false,true,false,false,true,true,true,true,{"displayOrder": 6, "applicableCategories": ["APPAREL"]}
OCCASION,Occasion,Suitable occasion,SPECIFICATION,STRING,MULTI_SELECT,,,,"Casual,Formal,Party,Sports,Beach",Casual,,false,true,false,true,true,false,true,true,{"displayOrder": 7, "applicableCategories": ["APPAREL"]}
WASH_CARE,Wash Care,Washing instructions,SPECIFICATION,STRING,TEXT,,,,,,PCS,false,false,false,false,true,false,true,true,{"displayOrder": 8, "applicableCategories": ["APPAREL"]}
