ruleId,name,description,ruleType,entityType,condition,action,actionParameters,priority,active,category,startDate,endDate,createdAt,updatedAt
BR001,Summer Sale Discount,10% discount on all items during summer sale,DISCOUNT,PRODUCT,category == 'ALL' && currentDate >= '2023-06-01' && currentDate <= '2023-08-31',APPLY_DISCOUNT,{"discountType":"PERCENTAGE","value":"10"},100,true,ALL,2023-06-01T00:00:00,2023-08-31T00:00:00,2023-01-01T00:00:00,2023-01-01T00:00:00
BR002,Electronics Special Discount,15% off on all electronics,DISCOUNT,PRODUCT,category == 'ELECTRONICS',APPLY_DISCOUNT,{"discountType":"PERCENTAGE","value":"15"},90,true,ELECTRONICS,2023-01-01T00:00:00,2023-12-31T00:00:00,2023-01-01T00:00:00,2023-01-01T00:00:00
BR003,Free Shipping Over $50,Free shipping for orders over $50,SHIPPING,ORDER,orderTotal >= 50,APPLY_FREE_SHIPPING,{},80,true,ALL,2023-01-01T00:00:00,2023-12-31T00:00:00,2023-01-01T00:00:00,2023-01-01T00:00:00
BR004,Buy One Get One Free for T-shirts,Buy one t-shirt get another free,PROMOTION,PRODUCT,category == 'FASHION' && subcategory == 'T-SHIRTS',BUY_ONE_GET_ONE,{},85,true,FASHION,2023-02-01T00:00:00,2023-02-28T00:00:00,2023-01-01T00:00:00,2023-01-01T00:00:00
BR005,Loyalty Points Multiplier,2x loyalty points on weekends,LOYALTY,ORDER,dayOfWeek == 'SATURDAY' || dayOfWeek == 'SUNDAY',MULTIPLY_POINTS,{"multiplier":"2"},75,true,ALL,2023-01-01T00:00:00,2023-12-31T00:00:00,2023-01-01T00:00:00,2023-01-01T00:00:00
BR006,New Customer Discount,15% off for first-time customers,DISCOUNT,ORDER,customer.orderCount == 0,APPLY_DISCOUNT,{"discountType":"PERCENTAGE","value":"15"},95,true,ALL,2023-01-01T00:00:00,2023-12-31T00:00:00,2023-01-01T00:00:00,2023-01-01T00:00:00
BR007,Bundle Discount - Computer Accessories,10% off when buying keyboard and mouse together,BUNDLE,PRODUCT,items.contains('KEYBOARD') && items.contains('MOUSE'),APPLY_DISCOUNT,{"discountType":"PERCENTAGE","value":"10"},80,true,ELECTRONICS,2023-01-01T00:00:00,2023-12-31T00:00:00,2023-01-01T00:00:00,2023-01-01T00:00:00
BR008,Holiday Season Free Gift,Free gift wrapping during holiday season,PROMOTION,ORDER,currentDate >= '2023-12-01' && currentDate <= '2023-12-31',ADD_FREE_ITEM,{"itemSku":"GIFT-WRAP-01"},90,true,ALL,2023-12-01T00:00:00,2023-12-31T00:00:00,2023-01-01T00:00:00,2023-01-01T00:00:00
BR009,Volume Discount,5% extra discount for orders with more than 5 items,DISCOUNT,ORDER,items.size > 5,APPLY_DISCOUNT,{"discountType":"PERCENTAGE","value":"5"},75,true,ALL,2023-01-01T00:00:00,2023-12-31T00:00:00,2023-01-01T00:00:00,2023-01-01T00:00:00
BR010,Premium Customer Priority Shipping,Free priority shipping for premium customers,SHIPPING,ORDER,customer.tier == 'PREMIUM',UPGRADE_SHIPPING,{"shippingMethod":"PRIORITY"},85,true,ALL,2023-01-01T00:00:00,2023-12-31T00:00:00,2023-01-01T00:00:00,2023-01-01T00:00:00
BR011,Back to School Sale,20% off on stationery items during back to school season,DISCOUNT,PRODUCT,category == 'STATIONERY' && currentDate >= '2023-08-01' && currentDate <= '2023-09-15',APPLY_DISCOUNT,{"discountType":"PERCENTAGE","value":"20"},85,true,STATIONERY,2023-08-01T00:00:00,2023-09-15T00:00:00,2023-01-01T00:00:00,2023-01-01T00:00:00
BR012,Birthday Discount,Special 10% discount on customer's birthday,DISCOUNT,ORDER,customer.birthDate.dayOfMonth == currentDate.dayOfMonth && customer.birthDate.month == currentDate.month,APPLY_DISCOUNT,{"discountType":"PERCENTAGE","value":"10"},90,true,ALL,2023-01-01T00:00:00,2023-12-31T00:00:00,2023-01-01T00:00:00,2023-01-01T00:00:00
BR013,Weekend Flash Sale,25% off on select items during weekend flash sales,DISCOUNT,PRODUCT,flashSaleItems.contains(product.sku) && (dayOfWeek == 'SATURDAY' || dayOfWeek == 'SUNDAY'),APPLY_DISCOUNT,{"discountType":"PERCENTAGE","value":"25"},95,true,ALL,2023-01-01T00:00:00,2023-12-31T00:00:00,2023-01-01T00:00:00,2023-01-01T00:00:00
BR014,Partner Exclusive Discount,Special discount for partner-exclusive products,DISCOUNT,PRODUCT,product.partnerExclusive == true,APPLY_DISCOUNT,{"discountType":"PERCENTAGE","value":"12"},80,true,ALL,2023-01-01T00:00:00,2023-12-31T00:00:00,2023-01-01T00:00:00,2023-01-01T00:00:00
BR015,New Product Promotion,Featured placement for new products,PROMOTION,PRODUCT,product.createdAt >= (currentDate - 30),FEATURE_PRODUCT,{"placementArea":"NEW_ARRIVALS"},85,true,ALL,2023-01-01T00:00:00,2023-12-31T00:00:00,2023-01-01T00:00:00,2023-01-01T00:00:00
BR016,Channel-Specific Pricing,Different pricing for different sales channels,PRICING,PRODUCT,channel == 'MARKETPLACE',ADJUST_PRICE,{"adjustmentType":"PERCENTAGE","value":"5"},90,true,ALL,2023-01-01T00:00:00,2023-12-31T00:00:00,2023-01-01T00:00:00,2023-01-01T00:00:00
BR017,Seasonal Inventory Priority,Prioritize seasonal inventory for fulfillment,INVENTORY,ORDER,product.seasonal == true && product.season == currentSeason,PRIORITIZE_INVENTORY,{"priority":"HIGH"},85,true,ALL,2023-01-01T00:00:00,2023-12-31T00:00:00,2023-01-01T00:00:00,2023-01-01T00:00:00
BR018,First-Time Category Purchase,10% off when customer buys from a category for the first time,DISCOUNT,ORDER,!customer.purchasedCategories.contains(product.category),APPLY_DISCOUNT,{"discountType":"PERCENTAGE","value":"10"},80,true,ALL,2023-01-01T00:00:00,2023-12-31T00:00:00,2023-01-01T00:00:00,2023-01-01T00:00:00
BR019,Clearance Sale Rules,Additional 10% off on clearance items,DISCOUNT,PRODUCT,product.clearance == true,APPLY_DISCOUNT,{"discountType":"PERCENTAGE","value":"10"},95,true,ALL,2023-01-01T00:00:00,2023-12-31T00:00:00,2023-01-01T00:00:00,2023-01-01T00:00:00
BR020,Referral Reward,Reward for customer referrals,PROMOTION,CUSTOMER,customer.referralCount > 0,AWARD_POINTS,{"points":"500"},90,true,ALL,2023-01-01T00:00:00,2023-12-31T00:00:00,2023-01-01T00:00:00,2023-01-01T00:00:00